{"Bpna695wrUPQ0Cl2YJBDrw==":"mbr-1617x1080.jpg","IjE06gWvYGrTvUBAfgShGw==":"mbr-1618x1080.jpg","KpuoK0PQYDuYDaBRGwhDIA==":"mbr-1620x1080.jpg","kwTCdNsVZFfeQLgYHHg3WQ==":"mbr-1-1618x1080.jpg","GXRmH18veLKt6qoTK1vxog==":"mbr-721x1080.jpg","z9zBdkFCDCc5zABR6AXbtQ==":"mbr-2-1618x1080.jpg","Itxj7vSb/Ci1RbRL3tf/BQ==":"mbr-3-1618x1080.jpg","H7vDMbAc7IyxKuQ4tMiMjA==":"mbr-1440x1080.jpg","xt/Vx5bju7LmuSJQxOxTKw==":"mbr-800x1080.jpg","zwvwAhvqd7h4x3PdhRV3qQ==":"mbr-1920x1080.jpg","/uzVqn67otrPbiznpP5Uxg==":"mbr-1-1620x1080.jpg","MGckcRhTeW9NUZ5pXz98iw==":"ayo-ogunseinde-316141-3333x3333.jpg","turT3ZRIcGhe43U9LkJMFA==":"autumn-goodman-2428101-4000x3760.jpg","o3sYDQtAgpJszTFnbVk3QQ==":"mike-wilson-253599-2189x2189.jpg","RUyji0wsTxu0RUnPeSDx1A==":"cat-as-a-user-1200x1200.jpg","xcsQW6WaXitZp0L+JoRzLg==":"girl-808x808.jpg","z5AJWUegT1s2qyV8KxH7Rw==":"mbr-1914x1080.jpg","qx8Q5XEhYROMrs53OJ07uA==":"logo-122x40.png","BFTPrfY1s7LVgRdIbW5ijg==":"logo-1-122x40.png","kAP4/4ZgDe3f2CDbpJi63A==":"logo-472x158.png","CUm9Ie2V1ESOUIwu6MXaiQ==":"mbr-1920x1280.jpg","BRtabZI/djLTjGoSC/GL3Q==":"mbr-676x451.jpg","RY86T1ErGOcw6XCtC7XMUg==":"mbr-1-676x451.jpg","sS5GywFMTUEGdVySTt0GeA==":"logo-1-472x158.png","6Qf17V80Ea6QyL/C2z4Ayg==":"mbr-900x600.jpg","fa2pp+i9VzVEd8qQwkzeHw==":"mbr-900x813.png","f1ZkafMBK3nZXjrMxq9BwQ==":"mbr-900x844.jpg","iByLtdPI1+zaVRxBMAJAjw==":"mbr-900x631.jpg","98ZBYF8Xe7xlcNFwDfVgKg==":"mbr-856x471.png","GbIT7MT1P1lr13zz0Xricg==":"mbr-1-856x471.png","RqM7Wg1bb0iKSw5dlKo4Lg==":"mbr-1092x1092.jpg","CeyqnJ5FM93EUM4U4w0UdA==":"mbr-660x495.jpg","xPnzTLUsA/gl0g/J79CbRw==":"mbr-800x531.png","wqaV1HEI4tHfFXiNFVc2ew==":"mbr-1-800x531.png","bxUjaYQ71y1XmzpLpspNtw==":"mbr-778x584.jpeg","RS0UmeP54qVEs12M/6PP+Q==":"mbr-1112x834.jpeg","eT7q6T5GFokEabiEZBOVzQ==":"mbr-800x936.png","YwRimP/9fzUYzFc5kfGrvw==":"mbr-664x332.png","jmeWLdRt5x6a0nLK9mtEYA==":"mbr-1200x1200.png","7Q2lC4/hEH3sOXXTKAlbZw==":"mbr-660x619.png","CDVm30KTz5TiPNxPSqUSGQ==":"mbr-660x660.png","It+aQ0ZRC7LVjgJQKaTSrA==":"mbr-506x337.jpg","NZE5wd0AM4gjL/RZwvfT+Q==":"mbr-506x339.jpg","A/MHiuQeJPv3xtJGoAyvmA==":"mbr-506x380.jpg","fAPICqFjoziFu90hCk2aTg==":"mbr-506x380.jpeg","ytGgPyweHa2OATPItBF1pw==":"mbr-506x339.jpeg","l1rDe6diai7MdMnBHi5nGg==":"mbr-506x337.jpeg","PGCY2ElS+B9iwmJYUf4cGA==":"mbr-1-506x337.jpeg","eNarnAQcmzpqkYoQYR+1Ig==":"mbr-660x371.png","rLv4tSOz4QCzFapj4rV2TA==":"mbr-1068x534.png","lM+am/Oub2zDI7YXPQfPfg==":"mbr-1200x1151.png","tip+kj3VzhiqNUjMiAjH9Q==":"mbr-660x363.png","A7ofGB+l0gzX6X6CXFzuvQ==":"mbr-1092x738.png","yCdf5go0AQ/w0QdJ3xewNQ==":"mbr-1-1092x738.png","Xzvlpz1+epHPMYr3H+q09g==":"mbr-892x892.png","cO3twIBaG1bu0p3UD0Gw6w==":"mbr-1-892x892.png","1q6Ss3HX0ArwMbdMTZgA6Q==":"mbr-2-892x892.png","02rrOX4MVWBHroraBpA2xA==":"mbr-1-660x660.png","k24vPJpvZG9lBD0LWaFDQQ==":"mbr-1-1920x1280.jpg","HQtgrLm8j0xs/V+3HiNJ8g==":"mbr-2-1920x1280.jpg","llab7p3EllSrQEDonBS93Q==":"mbr-3-1920x1280.jpg","4m0c7lV0gDaHUyP9Ki1m/Q==":"facebook_profile_image-1020x1020.png","n0tO+7U83uf/RQ+Yo0Sybg==":"facebook_profile_image-696x696.png","zA+PjVFtmSD0DkXm9DU0aQ==":"logo-596x598.jpg","o7QDTww2MVHg9vzG96K5Yg==":"mbr-696x464.jpg","YX1/hSgTxi6d4lV92SraWQ==":"mbr-1-696x464.jpg","we8lzdmnKpheSYjqRiJX/Q==":"mbr-696x825.png","x6i+o1VVOeP4W+rRMRhSVA==":"mbr-696x713.png","ncAo5SlDp5h7DEr/hvcOvA==":"mbr-1-696x713.png","Amsg6OXxCoCd0Lsu0JSz1A==":"mbr-1-696x464.jpeg","YJQMMVzIT89UqH6ImgU3ag==":"mbr-2-696x464.jpg","Ma9inLJmoOPMeiJ7p8LQVA==":"logo-410x410.png","2bNoJMrlIxAuu7QOpb3+UQ==":"logo-556x186.png"}